白童子,彼岸花,雨女,童女,辉夜姬,数珠,般若,奴良陆生,铁鼠,犬神
白童子,辉夜姬,一目连,骨女,犬神,椒图,姑获鸟,黑童子,座敷童子,般若
白童子,犬神,金鱼姬,虫师,阎魔,狸猫,奴良陆生,小鹿男,座敷童子,百目鬼
白童子,万年竹,跳跳哥哥,童女,鬼使黑,兔丸,吸血姬,跳跳弟弟,镰鼬,百目鬼
白童子,弈,萤草,犬神,饿鬼,食发鬼,小松丸,鬼灯,座敷童子,巫蛊师
白童子,萤草,一目连,鸩,兔丸,河童,椒图,桃花妖,童女,阎魔
白童子,座敷童子,镰鼬,樱花妖,巫蛊师,二口女,大天狗,追月神,蝴蝶精,雪童子
百目鬼,茨木童子,犬神,金鱼姬,桃花妖,狸猫,虫师,觉,大天狗,饿鬼
百目鬼,蝴蝶精,络新妇,跳跳弟弟,辉夜姬,御馔津,鲤鱼精,花鸟卷,独眼小僧,以津真天
百目鬼,花鸟卷,山兔,判官,小鹿男,兵俑,日和坊,以津真天,独眼小僧,卖药郎
百目鬼,孟婆,夜叉,日和坊,书翁,蜜桃&芥子,狸猫,童女,骨女,雨女
百目鬼,蜜桃&芥子,阿香,辉夜姬,惠比寿,一目连,山兔,青坊主,鬼女红叶,觉
百目鬼,蜜桃&芥子,樱花妖,两面佛,管狐,食发鬼,犬神,青蛙瓷器,辉夜姬,雨女
百目鬼,食发鬼,青坊主,吸血姬,桃花妖,镰鼬,座敷童子,雪女,鸩,萤草
百目鬼,童男,跳跳弟弟,姑获鸟,海坊主,妖琴师,雨女,日和坊,判官,河童
百目鬼,小松丸,万年竹,青蛙瓷器,奴良陆生,雨女,萤草,金鱼姬,妖刀姬,两面佛
百目鬼,雪童子,巫蛊师,独眼小僧,桃花妖,古笼火,蜜桃&芥子,童男,管狐,追月神
百目鬼,阎魔,惠比寿,夜叉,椒图,蜜桃&芥子,鸩,一目连,童女,黑童子
百目鬼,樱花妖,万年竹,独眼小僧,兔丸,山兔,武士之灵,跳跳妹妹,以津真天,惠比寿
百目鬼,萤草,奴良陆生,追月神,樱花妖,御馔津,食发鬼,吸血姬,青坊主,桃花妖
般若,管狐,青蛙瓷器,日和坊,追月神,姑获鸟,玉藻前,金鱼姬,虫师,座敷童子
般若,鬼灯,食发鬼,座敷童子,鬼使白,蜜桃&芥子,玉藻前,童女,小松丸,白狼
般若,惠比寿,花鸟卷,雪童子,奴良陆生,食梦貘,白童子,凤凰火,玉藻前,樱花妖
般若,镰鼬,鬼女红叶,日和坊,弈,妖琴师,阿香,桃花妖,追月神,雨女
般若,两面佛,烟烟罗,跳跳妹妹,座敷童子,追月神,酒吞童子,青坊主,虫师,桃花妖
般若,蜜桃&芥子,兔丸,兵俑,河童,樱花妖,觉,桃花妖,凤凰火,金鱼姬
般若,判官,日和坊,辉夜姬,桃花妖,妖琴师,花鸟卷,奴良陆生,凤凰火,萤草
般若,山兔,酒吞童子,管狐,数珠,孟婆,雪童子,觉,丑时之女,童女
般若,食发鬼,辉夜姬,觉,二口女,虫师,以津真天,管狐,鸦天狗,雨女
般若,首无,辉夜姬,匣中少女,桃花妖,凤凰火,数珠,跳跳弟弟,樱花妖,卖药郎
般若,雪女,妖刀姬,跳跳哥哥,小袖之手,海坊主,雪童子,阿香,桃花妖,兔丸
般若,追月神,雪童子,河童,奴良陆生,古笼火,阎魔,鬼使白,凤凰火,樱花妖
般若,座敷童子,日和坊,跳跳妹妹,奴良陆生,兔丸,蝴蝶精,妖狐,卖药郎,追月神
彼岸花,黑童子,日和坊,书翁,雨女,童女,山童,络新妇,跳跳弟弟,犬神
兵俑,般若,蝴蝶精,姑获鸟,追月神,蜜桃&芥子,阎魔,辉夜姬,鬼使黑,日和坊
兵俑,姑获鸟,两面佛,古笼火,萤草,吸血姬,海坊主,孟婆,山兔,座敷童子
兵俑,骨女,青蛙瓷器,追月神,书翁,鬼灯,金鱼姬,日和坊,白狼,犬神
兵俑,海坊主,饿鬼,食发鬼,犬神,狸猫,镰鼬,辉夜姬,百目鬼,吸血姬
兵俑,花鸟卷,山兔,烟烟罗,犬神,白童子,御馔津,奴良陆生,萤草,二口女
兵俑,觉,奴良陆生,椒图,惠比寿,食发鬼,山童,青坊主,海坊主,妖刀姬
兵俑,络新妇,判官,山兔,花鸟卷,桃花妖,清姬,虫师,九命猫,阎魔
兵俑,蜜桃&芥子,海坊主,大天狗,惠比寿,山童,童女,妖刀姬,青蛙瓷器,巫蛊师
兵俑,山兔,骨女,清姬,九命猫,食梦貘,青蛙瓷器,大天狗,跳跳妹妹,犬神
兵俑,桃花妖,镰鼬,觉,犬神,雪女,樱花妖,童女,食发鬼,夜叉
兵俑,桃花妖,万年竹,一目连,童女,小袖之手,镰鼬,座敷童子,鬼使黑,兔丸
兵俑,武士之灵,花鸟卷,万年竹,黑童子,狸猫,日和坊,雪童子,奴良陆生,追月神
兵俑,鸩,惠比寿,茨木童子,座敷童子,镰鼬,青坊主,雪童子,九命猫,凤凰火
兵俑,座敷童子,荒,河童,童女,山兔,桃花妖,雪童子,烟烟罗,小鹿男
兵俑,樱花妖,鬼女红叶,追月神,萤草,阎魔,虫师,弈,独眼小僧,妖刀姬
丑时之女,青行灯,鲤鱼精,金鱼姬,傀儡师,御馔津,彼岸花,奴良陆生,萤草,首无
大天狗,黑童子,独眼小僧,小松丸,辉夜姬,数珠,萤草,武士之灵,铁鼠,鬼使黑
大天狗,清姬,万年竹,小松丸,童女,白童子,兵俑,两面佛,吸血姬,山兔
大天狗,追月神,青行灯,茨木童子,书翁,御馔津,奴良陆生,山兔,鸩,白狼
大天狗,座敷童子,御馔津,食梦貘,犬神,兵俑,桃花妖,跳跳弟弟,小袖之手,辉夜姬
独眼小僧,青坊主,觉,跳跳妹妹,犬神,雪女,跳跳弟弟,惠比寿,御馔津,鬼使白
二口女,般若,跳跳弟弟,清姬,惠比寿,数珠,饿鬼,百目鬼,食发鬼,夜叉
二口女,青蛙瓷器,凤凰火,惠比寿,鬼使黑,跳跳妹妹,鬼灯,山风,弈,管狐
二口女,日和坊,追月神,凤凰火,犬神,辉夜姬,鲤鱼精,古笼火,妖狐,鬼使黑
二口女,山兔,山童,万年竹,犬神,河童,海坊主,雨女,座敷童子,鬼女红叶
凤凰火,蝴蝶精,一目连,樱花妖,鸦天狗,兵俑,数珠,鲤鱼精,鬼使白,跳跳妹妹
凤凰火,辉夜姬,雨女,樱花妖,鸩,烟烟罗,狸猫,蝴蝶精,鸦天狗,般若
凤凰火,辉夜姬,山兔,鬼使白,桃花妖,巫蛊师,花鸟卷,座敷童子,铁鼠,跳跳妹妹
凤凰火,辉夜姬,武士之灵,虫师,鬼使黑,河童,惠比寿,樱花妖,食梦貘,鬼使白
凤凰火,镰鼬,惠比寿,百目鬼,三尾狐,独眼小僧,弈,蝴蝶精,万年竹,犬神
凤凰火,两面佛,樱花妖,匣中少女,鬼使黑,雪童子,海坊主,鸩,万年竹,跳跳妹妹
凤凰火,兔丸,妖琴师,童女,首无,二口女,辉夜姬,鸩,彼岸花,般若
凤凰火,雪童子,金鱼姬,蝴蝶精,犬神,白童子,吸血姬,青蛙瓷器,辉夜姬,般若
姑获鸟,饿鬼,萤草,座敷童子,镰鼬,兔丸,般若,妖刀姬,二口女,鲤鱼精
姑获鸟,雨女,萤草,食发鬼,跳跳哥哥,河童,兵俑,奴良陆生,蝴蝶精,鸦天狗
姑获鸟,追月神,蝴蝶精,食梦貘,食发鬼,兔丸,首无,萤草,匣中少女,辉夜姬
古笼火,兵俑,万年竹,数珠,辉夜姬,食梦貘,海坊主,犬神,二口女,夜叉
古笼火,鲤鱼精,烟烟罗,海坊主,座敷童子,桃花妖,饿鬼,妖刀姬,兔丸,夜叉
古笼火,鲤鱼精,山风,海坊主,犬神,蜜桃&芥子,般若,小松丸,河童,黑童子
古笼火,蜜桃&芥子,百目鬼,阿香,萤草,食发鬼,食梦貘,青蛙瓷器,玉藻前,妖刀姬
古笼火,山兔,白狼,玉藻前,蝴蝶精,食梦貘,清姬,海坊主,九命猫,座敷童子
古笼火,山童,虫师,独眼小僧,荒,童女,小袖之手,三尾狐,鲤鱼精,万年竹
鬼灯,黑童子,日和坊,九命猫,座敷童子,鸩,山兔,辉夜姬,凤凰火,小袖之手
鬼灯,花鸟卷,独眼小僧,荒川之主,青蛙瓷器,妖琴师,食发鬼,夜叉,黑童子,萤草
鬼灯,日和坊,以津真天,万年竹,辉夜姬,络新妇,惠比寿,大天狗,黑童子,跳跳哥哥
鬼灯,童女,鬼使白,以津真天,数珠,阎魔,蝴蝶精,大天狗,二口女,书翁
鬼灯,御馔津,樱花妖,妖狐,辉夜姬,孟婆,数珠,金鱼姬,奴良陆生,日和坊
鬼使白,三尾狐,日和坊,鸦天狗,座敷童子,狸猫,大天狗,以津真天,跳跳妹妹,惠比寿
鬼使黑,镰鼬,惠比寿,妖琴师,黑童子,白童子,数珠,童男,荒川之主,食发鬼
海坊主,金鱼姬,萤草,百目鬼,鬼使白,般若,童男,童女,茨木童子,辉夜姬
海坊主,判官,一目连,山童,犬神,凤凰火,络新妇,座敷童子,山风,般若
海坊主,日和坊,巫蛊师,吸血姬,辉夜姬,鸩,雨女,座敷童子,铁鼠,万年竹
海坊主,跳跳哥哥,镰鼬,夜叉,鲤鱼精,椒图,兵俑,金鱼姬,鸩,百目鬼
河童,花鸟卷,小袖之手,鬼使白,般若,凤凰火,荒,惠比寿,小松丸,弈
河童,桃花妖,玉藻前,凤凰火,书翁,辉夜姬,奴良陆生,丑时之女,百目鬼,武士之灵
河童,桃花妖,雪童子,虫师,白狼,阎魔,吸血姬,孟婆,御馔津,跳跳妹妹
河童,弈,跳跳哥哥,童女,以津真天,兵俑,雨女,蝴蝶精,鬼女红叶,鬼使黑
蝴蝶精,般若,鬼女红叶,鬼使黑,独眼小僧,青行灯,跳跳哥哥,海坊主,兵俑,山兔
蝴蝶精,姑获鸟,酒吞童子,卖药郎,座敷童子,童女,山童,青行灯,奴良陆生,黑童子
蝴蝶精,雪童子,鬼使黑,白狼,虫师,武士之灵,姑获鸟,吸血姬,惠比寿,饿鬼
蝴蝶精,座敷童子,万年竹,鬼使白,狸猫,白童子,吸血姬,雨女,萤草,卖药郎
花鸟卷,丑时之女,追月神,鸩,黑童子,玉藻前,兵俑,三尾狐,座敷童子,食发鬼
花鸟卷,骨女,黑童子,匣中少女,数珠,兵俑,吸血姬,海坊主,妖琴师,傀儡师
花鸟卷,管狐,追月神,鲤鱼精,傀儡师,兵俑,首无,弈,荒川之主,辉夜姬
花鸟卷,弈,惠比寿,山兔,九命猫,数珠,座敷童子,百目鬼,妖琴师,白狼
辉夜姬,管狐,蝴蝶精,书翁,樱花妖,雪女,弈,海坊主,犬神,座敷童子
辉夜姬,数珠,万年竹,武士之灵,黑童子,姑获鸟,镰鼬,座敷童子,百目鬼,跳跳哥哥
辉夜姬,跳跳弟弟,樱花妖,匣中少女,小松丸,桃花妖,两面佛,鬼使白,虫师,饿鬼
辉夜姬,小鹿男,鸩,百目鬼,山兔,雪女,海坊主,追月神,食发鬼,鬼使白
辉夜姬,一目连,鸩,童女,跳跳哥哥,大天狗,山兔,般若,座敷童子,鬼女红叶
辉夜姬,凤凰火,姑获鸟,首无,巫蛊师,食梦貘,童女,大天狗,管狐,弈
惠比寿,食发鬼,凤凰火,河童,樱花妖,镰鼬,雨女,御馔津,鸩,海坊主
惠比寿,妖琴师,食梦貘,九命猫,以津真天,二口女,吸血姬,奴良陆生,雨女,座敷童子
惠比寿,弈,青坊主,河童,座敷童子,狸猫,跳跳妹妹,跳跳弟弟,金鱼姬,奴良陆生
惠比寿,雨女,妖狐,鬼女红叶,座敷童子,络新妇,武士之灵,凤凰火,奴良陆生,兔丸
惠比寿,座敷童子,姑获鸟,虫师,黑童子,孟婆,数珠,犬神,辉夜姬,童男
惠比寿,山兔,小袖之手,奴良陆生,荒川之主,般若,镰鼬,鬼使白,海坊主,童女
椒图,虫师,匣中少女,凤凰火,骨女,桃花妖,酒吞童子,首无,独眼小僧,兔丸
椒图,鬼灯,酒吞童子,惠比寿,樱花妖,铁鼠,山兔,般若,花鸟卷,夜叉
椒图,两面佛,凤凰火,鸦天狗,姑获鸟,御馔津,山兔,以津真天,饿鬼,座敷童子
狸猫,蝴蝶精,九命猫,追月神,童男,阎魔,食发鬼,犬神,黑童子,桃花妖
狸猫,络新妇,百目鬼,巫蛊师,桃花妖,镰鼬,鬼灯,玉藻前,青蛙瓷器,萤草
狸猫,青行灯,玉藻前,座敷童子,青坊主,百目鬼,般若,鸩,金鱼姬,桃花妖
鲤鱼精,清姬,犬神,日和坊,花鸟卷,蜜桃&芥子,食梦貘,辉夜姬,椒图,山风
镰鼬,百目鬼,夜叉,觉,雨女,辉夜姬,食发鬼,妖狐,青蛙瓷器,桃花妖
镰鼬,兵俑,樱花妖,鲤鱼精,姑获鸟,鬼使白,花鸟卷,荒川之主,丑时之女,雨女
镰鼬,海坊主,辉夜姬,夜叉,日和坊,兵俑,虫师,鲤鱼精,吸血姬,九命猫
镰鼬,辉夜姬,山童,彼岸花,金鱼姬,山兔,青坊主,夜叉,饿鬼,追月神
镰鼬,辉夜姬,鬼女红叶,犬神,兔丸,孟婆,夜叉,椒图,黑童子,追月神
镰鼬,惠比寿,山童,姑获鸟,独眼小僧,般若,食发鬼,酒吞童子,烟烟罗,跳跳妹妹
镰鼬,犬神,雨女,雪女,首无,食梦貘,清姬,山兔,姑获鸟,吸血姬
镰鼬,跳跳哥哥,茨木童子,黑童子,海坊主,般若,阿香,凤凰火,妖狐,虫师
镰鼬,樱花妖,蝴蝶精,兔丸,大天狗,食发鬼,百目鬼,辉夜姬,九命猫,河童
镰鼬,御馔津,傀儡师,书翁,鬼使黑,络新妇,小袖之手,阿香,奴良陆生,辉夜姬
镰鼬,鬼灯,花鸟卷,大天狗,惠比寿,古笼火,山兔,狸猫,妖刀姬,座敷童子
镰鼬,虫师,小松丸,三尾狐,桃花妖,蜜桃&芥子,两面佛,巫蛊师,金鱼姬,白童子
镰鼬,桃花妖,阿香,数珠,黑童子,雪女,御馔津,鬼使白,玉藻前,座敷童子
镰鼬,铁鼠,青坊主,酒吞童子,虫师,妖琴师,兵俑,巫蛊师,犬神,花鸟卷
镰鼬,狸猫,大天狗,以津真天,樱花妖,山童,虫师,古笼火,玉藻前,鸦天狗
络新妇,般若,蝴蝶精,匣中少女,吸血姬,追月神,管狐,鬼使白,二口女,萤草
络新妇,狸猫,追月神,樱花妖,蝴蝶精,日和坊,两面佛,雪童子,海坊主,鬼使白
络新妇,犬神,凤凰火,丑时之女,荒川之主,百目鬼,阿香,卖药郎,姑获鸟,数珠
络新妇,山童,镰鼬,童女,鬼女红叶,古笼火,管狐,凤凰火,萤草,座敷童子
络新妇,小鹿男,数珠,犬神,辉夜姬,般若,食梦貘,鬼使白,桃花妖,追月神
络新妇,雨女,鬼使白,山风,童女,萤草,饿鬼,觉,青蛙瓷器,桃花妖
络新妇,蝴蝶精,蜜桃&芥子,清姬,万年竹,食发鬼,酒吞童子,虫师,日和坊,辉夜姬
孟婆,般若,食发鬼,跳跳哥哥,清姬,山童,座敷童子,桃花妖,丑时之女,跳跳弟弟
孟婆,花鸟卷,桃花妖,玉藻前,数珠,络新妇,白狼,鬼使黑,海坊主,雨女
孟婆,镰鼬,追月神,海坊主,两面佛,般若,食发鬼,山风,大天狗,座敷童子
孟婆,山风,妖刀姬,匣中少女,座敷童子,白童子,阿香,鸦天狗,金鱼姬,日和坊
孟婆,山风,玉藻前,金鱼姬,花鸟卷,般若,御馔津,数珠,犬神,追月神
孟婆,童男,鬼灯,傀儡师,管狐,食梦貘,巫蛊师,白童子,小袖之手,蝴蝶精
孟婆,童女,妖刀姬,玉藻前,追月神,食发鬼,丑时之女,御馔津,辉夜姬,犬神
孟婆,御馔津,匣中少女,独眼小僧,荒,山童,古笼火,跳跳弟弟,虫师,兔丸
蜜桃&芥子,花鸟卷,小松丸,觉,万年竹,御馔津,樱花妖,二口女,河童,辉夜姬
蜜桃&芥子,九命猫,追月神,蝴蝶精,樱花妖,食发鬼,御馔津,桃花妖,吸血姬,巫蛊师
蜜桃&芥子,山童,追月神,河童,丑时之女,镰鼬,清姬,傀儡师,青蛙瓷器,惠比寿
蜜桃&芥子,山童,络新妇,蝴蝶精,巫蛊师,镰鼬,古笼火,追月神,鬼灯,黑童子
蜜桃&芥子,巫蛊师,青坊主,鬼女红叶,惠比寿,山兔,鬼使白,荒,追月神,樱花妖
蜜桃&芥子,匣中少女,吸血姬,小鹿男,犬神,古笼火,小松丸,姑获鸟,辉夜姬,惠比寿
蜜桃&芥子,小松丸,凤凰火,鸦天狗,大天狗,武士之灵,阿香,座敷童子,萤草,青坊主
蜜桃&芥子,小袖之手,鬼灯,跳跳弟弟,座敷童子,山童,彼岸花,海坊主,跳跳妹妹,二口女
蜜桃&芥子,雪女,酒吞童子,彼岸花,辉夜姬,百目鬼,狸猫,傀儡师,跳跳弟弟,惠比寿
蜜桃&芥子,雪女,万年竹,青蛙瓷器,鬼使黑,古笼火,鸩,雪童子,两面佛,追月神
蜜桃&芥子,阎魔,海坊主,以津真天,辉夜姬,山童,丑时之女,虫师,两面佛,巫蛊师
蜜桃&芥子,樱花妖,荒川之主,鸦天狗,惠比寿,山兔,追月神,茨木童子,金鱼姬,姑获鸟
蜜桃&芥子,座敷童子,雪童子,御馔津,鬼使黑,孟婆,般若,两面佛,傀儡师,跳跳哥哥
奴良陆生,追月神,蝴蝶精,万年竹,一目连,花鸟卷,雪童子,觉,鸦天狗,跳跳妹妹
奴良陆生,追月神,鬼女红叶,一目连,武士之灵,凤凰火,首无,荒,萤草,丑时之女
判官,雪童子,镰鼬,小鹿男,座敷童子,跳跳妹妹,雨女,樱花妖,武士之灵,茨木童子
青坊主,夜叉,跳跳哥哥,辉夜姬,惠比寿,食发鬼,古笼火,雪童子,萤草,姑获鸟
青行灯,百目鬼,妖狐,跳跳哥哥,跳跳妹妹,阎魔,蝴蝶精,三尾狐,妖刀姬,清姬
青行灯,般若,络新妇,姑获鸟,惠比寿,武士之灵,追月神,小松丸,骨女,鬼女红叶
青行灯,日和坊,傀儡师,阿香,雨女,食发鬼,座敷童子,奴良陆生,夜叉,跳跳妹妹
青行灯,食发鬼,山童,跳跳弟弟,犬神,山兔,清姬,络新妇,吸血姬,雨女
清姬,追月神,雪童子,吸血姬,白童子,百目鬼,御馔津,卖药郎,判官,烟烟罗
日和坊,姑获鸟,座敷童子,小松丸,犬神,二口女,吸血姬,雪童子,萤草,夜叉
日和坊,数珠,大天狗,首无,万年竹,御馔津,食梦貘,虫师,一目连,鸩
日和坊,桃花妖,判官,以津真天,虫师,古笼火,山童,三尾狐,大天狗,蝴蝶精
日和坊,雨女,鸩,蝴蝶精,犬神,小袖之手,独眼小僧,海坊主,山童,荒川之主
三尾狐,雨女,清姬,蝴蝶精,食发鬼,辉夜姬,奴良陆生,山兔,万年竹,饿鬼
三尾狐,追月神,童女,食发鬼,丑时之女,凤凰火,花鸟卷,山兔,鸩,阎魔
山风,二口女,童女,小松丸,百目鬼,般若,狸猫,丑时之女,桃花妖,鬼使黑
山风,辉夜姬,镰鼬,小松丸,鲤鱼精,海坊主,山兔,座敷童子,管狐,清姬
山风,狸猫,书翁,雪童子,花鸟卷,童男,青坊主,鸩,小松丸,辉夜姬
山风,狸猫,孟婆,青行灯,食发鬼,辉夜姬,童男,樱花妖,小松丸,吸血姬
山风,青坊主,食梦貘,食发鬼,跳跳哥哥,二口女,花鸟卷,镰鼬,雪童子,黑童子
山风,日和坊,独眼小僧,百目鬼,兔丸,酒吞童子,般若,青蛙瓷器,凤凰火,狸猫
山风,跳跳妹妹,蝴蝶精,花鸟卷,食发鬼,追月神,萤草,御馔津,彼岸花,雪童子
山童,百目鬼,跳跳哥哥,黑童子,日和坊,卖药郎,三尾狐,兔丸,饿鬼,座敷童子
山童,般若,鬼使白,管狐,童女,兵俑,骨女,跳跳妹妹,青坊主,觉
山童,姑获鸟,日和坊,跳跳哥哥,以津真天,座敷童子,鬼使白,桃花妖,黑童子,丑时之女
山童,骨女,首无,日和坊,追月神,武士之灵,狸猫,九命猫,凤凰火,阿香
山童,海坊主,小鹿男,惠比寿,鬼使黑,狸猫,座敷童子,萤草,奴良陆生,以津真天
山童,荒川之主,日和坊,茨木童子,樱花妖,兵俑,镰鼬,山风,童女,追月神
山童,鲤鱼精,大天狗,荒川之主,樱花妖,百目鬼,鸩,花鸟卷,童女,座敷童子
山童,镰鼬,吸血姬,独眼小僧,惠比寿,书翁,鸩,奴良陆生,蝴蝶精,雨女
山童,蜜桃&芥子,蝴蝶精,奴良陆生,吸血姬,万年竹,二口女,萤草,妖狐,辉夜姬
山童,日和坊,百目鬼,大天狗,追月神,孟婆,花鸟卷,妖刀姬,青坊主,辉夜姬
山童,日和坊,黑童子,万年竹,跳跳妹妹,食梦貘,百目鬼,觉,阿香,桃花妖
山童,小袖之手,丑时之女,夜叉,惠比寿,妖琴师,茨木童子,凤凰火,奴良陆生,萤草
山童,弈,日和坊,鸩,九命猫,妖琴师,阿香,般若,河童,青蛙瓷器
山兔,狸猫,彼岸花,花鸟卷,桃花妖,雪童子,青蛙瓷器,鬼灯,鲤鱼精,奴良陆生
山兔,络新妇,山童,鬼使黑,海坊主,樱花妖,桃花妖,鬼灯,两面佛,金鱼姬
山兔,食梦貘,巫蛊师,饿鬼,海坊主,阎魔,鸩,辉夜姬,樱花妖,雨女
山兔,铁鼠,食梦貘,鬼使黑,奴良陆生,镰鼬,阎魔,花鸟卷,鸩,凤凰火
山兔,阎魔,追月神,金鱼姬,巫蛊师,座敷童子,凤凰火,雪童子,凤凰火,匣中少女
山兔,樱花妖,雪童子,匣中少女,大天狗,鬼女红叶,酒吞童子,兔丸,海坊主,座敷童子
山兔,追月神,狸猫,般若,彼岸花,孟婆,御馔津,跳跳妹妹,小鹿男,黑童子
山兔,追月神,阿香,青蛙瓷器,以津真天,狸猫,食发鬼,书翁,鬼灯,万年竹
食发鬼,管狐,鲤鱼精,辉夜姬,白童子,御馔津,鸩,雨女,一目连,座敷童子
食发鬼,花鸟卷,雪女,巫蛊师,雨女,追月神,弈,黑童子,觉,数珠
食发鬼,犬神,兔丸,金鱼姬,惠比寿,鬼使白,座敷童子,花鸟卷,小鹿男,雨女
食发鬼,山童,樱花妖,酒吞童子,吸血姬,般若,卖药郎,海坊主,大天狗,兔丸
食发鬼,小鹿男,童女,辉夜姬,觉,蜜桃&芥子,雪童子,百目鬼,鬼灯,鬼使黑
食发鬼,雪女,跳跳哥哥,虫师,傀儡师,花鸟卷,座敷童子,两面佛,饿鬼,万年竹
食发鬼,阎魔,酒吞童子,奴良陆生,追月神,食梦貘,山兔,小鹿男,吸血姬,桃花妖
食发鬼,弈,青坊主,大天狗,日和坊,蜜桃&芥子,鬼灯,二口女,两面佛,荒川之主
食发鬼,樱花妖,络新妇,茨木童子,日和坊,山童,彼岸花,惠比寿,萤草,兔丸
食发鬼,玉藻前,日和坊,金鱼姬,桃花妖,卖药郎,雪童子,清姬,夜叉,犬神
食发鬼,卖药郎,匣中少女,鬼女红叶,黑童子,座敷童子,以津真天,阿香,饿鬼,童女
食梦貘,虫师,奴良陆生,黑童子,辉夜姬,山童,山兔,花鸟卷,犬神,座敷童子
食梦貘,惠比寿,雨女,青蛙瓷器,黑童子,兵俑,弈,鬼女红叶,妖刀姬,追月神
食梦貘,鲤鱼精,黑童子,奴良陆生,日和坊,鬼灯,童女,兔丸,吸血姬,跳跳妹妹
食梦貘,镰鼬,小袖之手,萤草,万年竹,御馔津,卖药郎,鬼使白,二口女,书翁
食梦貘,蜜桃&芥子,惠比寿,荒,樱花妖,童女,巫蛊师,白童子,妖刀姬,辉夜姬
食梦貘,蜜桃&芥子,大天狗,金鱼姬,座敷童子,络新妇,椒图,萤草,黑童子,吸血姬
食梦貘,青坊主,管狐,跳跳妹妹,座敷童子,孟婆,武士之灵,御馔津,茨木童子,鸦天狗
食梦貘,山风,辉夜姬,傀儡师,萤草,食发鬼,御馔津,鸩,犬神,追月神
食梦貘,书翁,童女,黑童子,鬼使黑,兵俑,蝴蝶精,鸩,阿香,饿鬼
食梦貘,一目连,两面佛,玉藻前,独眼小僧,兵俑,辉夜姬,判官,虫师,黑童子
食梦貘,雨女,万年竹,黑童子,虫师,御馔津,桃花妖,判官,雪童子,萤草
食梦貘,追月神,蜜桃&芥子,妖刀姬,童女,铁鼠,童男,山风,二口女,大天狗
首无,金鱼姬,萤草,百目鬼,般若,桃花妖,一目连,童男,铁鼠,妖狐
书翁,般若,桃花妖,追月神,巫蛊师,鸩,食梦貘,百目鬼,雨女,御馔津
数珠,追月神,樱花妖,蝴蝶精,万年竹,镰鼬,雨女,鸩,妖狐,铁鼠
数珠,座敷童子,彼岸花,食发鬼,首无,巫蛊师,般若,椒图,镰鼬,桃花妖
数珠,大天狗,雪童子,鲤鱼精,海坊主,小松丸,茨木童子,蝴蝶精,跳跳妹妹,辉夜姬
桃花妖,黑童子,玉藻前,日和坊,座敷童子,小松丸,般若,判官,追月神,犬神
桃花妖,蜜桃&芥子,小松丸,奴良陆生,跳跳弟弟,孟婆,鸦天狗,卖药郎,两面佛,辉夜姬
桃花妖,跳跳弟弟,食发鬼,鸦天狗,夜叉,童男,管狐,惠比寿,萤草,百目鬼
跳跳弟弟,孟婆,樱花妖,青行灯,清姬,桃花妖,奴良陆生,鸩,食梦貘,食发鬼
跳跳哥哥,阿香,跳跳妹妹,兔丸,萤草,镰鼬,武士之灵,古笼火,童女,以津真天
跳跳哥哥,百目鬼,追月神,犬神,樱花妖,青行灯,阎魔,鸩,黑童子,二口女
跳跳哥哥,山风,白狼,傀儡师,追月神,古笼火,镰鼬,孟婆,山风,大天狗
铁鼠,辉夜姬,鬼使白,妖刀姬,海坊主,食梦貘,清姬,姑获鸟,跳跳妹妹,傀儡师
铁鼠,雪童子,辉夜姬,凤凰火,烟烟罗,阎魔,桃花妖,鬼灯,鲤鱼精,万年竹
铁鼠,追月神,雪童子,烟烟罗,桃花妖,鬼灯,日和坊,巫蛊师,小袖之手,樱花妖
童男,荒川之主,数珠,萤草,首无,雪女,桃花妖,烟烟罗,奴良陆生,虫师
童男,童女,黑童子,犬神,座敷童子,络新妇,铁鼠,雪童子,河童,追月神
童男,座敷童子,雪童子,童女,妖刀姬,青行灯,白狼,饿鬼,樱花妖,妖刀姬
童女,百目鬼,座敷童子,虫师,酒吞童子,孟婆,日和坊,雪童子,金鱼姬,吸血姬
童女,百目鬼,犬神,金鱼姬,卖药郎,鬼灯,山风,海坊主,青坊主,大天狗
童女,河童,首无,玉藻前,追月神,鬼灯,判官,犬神,虫师,座敷童子
兔丸,卖药郎,鸩,判官,海坊主,孟婆,鬼灯,鸦天狗,妖狐,座敷童子
兔丸,日和坊,丑时之女,小鹿男,犬神,雪女,妖刀姬,山兔,萤草,万年竹
兔丸,铁鼠,座敷童子,大天狗,茨木童子,食发鬼,鬼使白,虫师,武士之灵,辉夜姬
巫蛊师,管狐,孟婆,小松丸,鸦天狗,姑获鸟,跳跳哥哥,座敷童子,青行灯,食梦貘
巫蛊师,花鸟卷,追月神,妖琴师,山童,辉夜姬,惠比寿,青坊主,妖狐,丑时之女
巫蛊师,辉夜姬,妖刀姬,食发鬼,桃花妖,弈,觉,青坊主,傀儡师,鲤鱼精
巫蛊师,桃花妖,山兔,兔丸,酒吞童子,烟烟罗,座敷童子,跳跳弟弟,弈,御馔津
巫蛊师,匣中少女,兔丸,萤草,追月神,络新妇,兵俑,小袖之手,铁鼠,山风
武士之灵,日和坊,万年竹,犬神,雨女,御馔津,座敷童子,茨木童子,数珠,丑时之女
武士之灵,食发鬼,山童,酒吞童子,花鸟卷,兵俑,辉夜姬,烟烟罗,海坊主,夜叉
武士之灵,食梦貘,追月神,玉藻前,椒图,御馔津,食发鬼,鬼灯,金鱼姬,管狐
武士之灵,桃花妖,数珠,万年竹,鬼女红叶,般若,蝴蝶精,樱花妖,三尾狐,座敷童子
吸血姬,独眼小僧,樱花妖,武士之灵,般若,辉夜姬,镰鼬,金鱼姬,铁鼠,黑童子
吸血姬,古笼火,食梦貘,食发鬼,桃花妖,般若,奴良陆生,山兔,座敷童子,跳跳哥哥
吸血姬,追月神,独眼小僧,山童,山兔,凤凰火,大天狗,白童子,惠比寿,九命猫
匣中少女,鬼灯,弈,吸血姬,数珠,兵俑,辉夜姬,白狼,以津真天,萤草
小鹿男,酒吞童子,黑童子,蝴蝶精,追月神,食梦貘,辉夜姬,奴良陆生,跳跳哥哥,桃花妖
小松丸,百目鬼,蝴蝶精,傀儡师,巫蛊师,兵俑,阿香,鸦天狗,万年竹,童女
小松丸,孟婆,日和坊,金鱼姬,茨木童子,食梦貘,凤凰火,青蛙瓷器,酒吞童子,蝴蝶精
小松丸,蜜桃&芥子,鬼女红叶,金鱼姬,座敷童子,兵俑,山兔,虫师,夜叉,惠比寿
小松丸,清姬,玉藻前,以津真天,惠比寿,兵俑,童男,巫蛊师,辉夜姬,花鸟卷
小松丸,追月神,吸血姬,犬神,日和坊,蜜桃&芥子,鸩,萤草,座敷童子,雨女
小松丸,小袖之手,童女,大天狗,阿香,山兔,花鸟卷,玉藻前,觉,蝴蝶精
雪女,鬼女红叶,管狐,日和坊,虫师,兵俑,花鸟卷,黑童子,丑时之女,座敷童子
雪女,鬼使白,鬼女红叶,花鸟卷,雨女,鬼灯,阿香,吸血姬,数珠,海坊主
雪女,辉夜姬,惠比寿,觉,百目鬼,兔丸,般若,跳跳弟弟,萤草,食发鬼
雪女,食发鬼,犬神,花鸟卷,座敷童子,山兔,辉夜姬,凤凰火,万年竹,数珠
雪女,烟烟罗,萤草,巫蛊师,追月神,食梦貘,镰鼬,小袖之手,妖狐,黑童子
雪女,鸩,蝴蝶精,青蛙瓷器,日和坊,玉藻前,荒,兔丸,花鸟卷,桃花妖
雪女,鸩,海坊主,首无,追月神,虫师,御馔津,觉,数珠,黑童子
雪女,追月神,童女,烟烟罗,数珠,山童,鬼女红叶,青坊主,蝴蝶精,座敷童子
雪女,山兔,鸩,日和坊,海坊主,小松丸,童女,判官,傀儡师,童男
雪童子,白狼,海坊主,辉夜姬,惠比寿,狸猫,般若,童女,鬼灯,吸血姬
雪童子,虫师,小鹿男,书翁,犬神,络新妇,白童子,山童,吸血姬,鲤鱼精
雪童子,独眼小僧,丑时之女,追月神,巫蛊师,兵俑,般若,三尾狐,小鹿男,座敷童子
雪童子,奴良陆生,山兔,萤草,觉,巫蛊师,络新妇,小鹿男,雪女,凤凰火
雪童子,樱花妖,黑童子,犬神,桃花妖,蜜桃&芥子,日和坊,花鸟卷,鬼女红叶,追月神
鸦天狗,樱花妖,食发鬼,夜叉,食梦貘,二口女,一目连,萤草,万年竹,黑童子
烟烟罗,河童,山兔,青坊主,辉夜姬,跳跳妹妹,镰鼬,雨女,丑时之女,黑童子
烟烟罗,狸猫,蝴蝶精,鸦天狗,般若,凤凰火,辉夜姬,雨女,樱花妖,鸩
阎魔,古笼火,茨木童子,数珠,樱花妖,食梦貘,辉夜姬,萤草,姑获鸟,饿鬼
阎魔,管狐,两面佛,凤凰火,追月神,百目鬼,萤草,数珠,荒川之主,座敷童子
阎魔,惠比寿,樱花妖,凤凰火,两面佛,御馔津,山兔,青行灯,鲤鱼精,管狐
阎魔,青行灯,樱花妖,日和坊,吸血姬,兵俑,追月神,白狼,凤凰火,海坊主
阎魔,妖琴师,孟婆,奴良陆生,书翁,络新妇,小松丸,萤草,河童,兔丸
阎魔,玉藻前,独眼小僧,奴良陆生,惠比寿,山童,镰鼬,黑童子,弈,萤草
阎魔,山风,雪童子,日和坊,大天狗,孟婆,花鸟卷,童女,阿香,追月神
妖琴师,鬼使白,海坊主,数珠,辉夜姬,河童,椒图,兔丸,九命猫,弈
妖琴师,狸猫,座敷童子,山风,黑童子,雪童子,鸩,夜叉,跳跳哥哥,追月神
妖琴师,御馔津,蜜桃&芥子,桃花妖,彼岸花,般若,玉藻前,首无,雨女,辉夜姬
樱花妖,荒,妖琴师,童女,匣中少女,跳跳妹妹,黑童子,萤草,鲤鱼精,傀儡师
萤草,饿鬼,青坊主,觉,清姬,桃花妖,两面佛,山兔,小松丸,般若
萤草,武士之灵,妖狐,饿鬼,海坊主,狸猫,吸血姬,黑童子,座敷童子,首无
萤草,鸩,座敷童子,山童,跳跳哥哥,兵俑,大天狗,饿鬼,食发鬼,辉夜姬
雨女,般若,三尾狐,虫师,惠比寿,匣中少女,食发鬼,判官,奴良陆生,桃花妖
雨女,凤凰火,白童子,桃花妖,觉,青蛙瓷器,独眼小僧,兔丸,吸血姬,虫师
雨女,蝴蝶精,白童子,妖刀姬,骨女,孟婆,般若,丑时之女,吸血姬,辉夜姬
雨女,辉夜姬,奴良陆生,犬神,桃花妖,古笼火,小松丸,狸猫,座敷童子,两面佛
雨女,青蛙瓷器,判官,日和坊,桃花妖,般若,食梦貘,辉夜姬,吸血姬,二口女
雨女,一目连,妖刀姬,海坊主,犬神,百目鬼,鲤鱼精,巫蛊师,小袖之手,座敷童子
玉藻前,古笼火,孟婆,樱花妖,跳跳哥哥,兔丸,桃花妖,判官,花鸟卷,书翁
御馔津,蝴蝶精,阿香,跳跳哥哥,丑时之女,山童,食发鬼,花鸟卷,凤凰火,桃花妖
御馔津,辉夜姬,山兔,小松丸,鬼使黑,鬼女红叶,数珠,犬神,惠比寿,座敷童子
御馔津,惠比寿,食发鬼,樱花妖,奴良陆生,山兔,雪童子,白童子,吸血姬,巫蛊师
御馔津,狸猫,童女,辉夜姬,山风,孟婆,镰鼬,奴良陆生,虫师,犬神
御馔津,追月神,惠比寿,雪童子,万年竹,食发鬼,阿香,鸩,辉夜姬,海坊主
鸩,海坊主,觉,百目鬼,小松丸,巫蛊师,般若,镰鼬,孟婆,鬼使白
鸩,铁鼠,蜜桃&芥子,樱花妖,惠比寿,青行灯,匣中少女,雪童子,妖狐,萤草
鸩,小袖之手,追月神,御馔津,桃花妖,二口女,奴良陆生,百目鬼,镰鼬,阎魔
追月神,海坊主,鸦天狗,鬼使黑,黑童子,武士之灵,百目鬼,童女,鬼使白,古笼火
追月神,雪女,茨木童子,童女,跳跳妹妹,山兔,丑时之女,童男,日和坊,觉
座敷童子,阿香,虫师,雨女,犬神,狸猫,辉夜姬,雪童子,万年竹,小鹿男